old_code,new_code
IN100,LIS1200
MT215,MSE2304
MT217,MSE2305
MT214,MSE2303
MT025,MSE3306
MT027,MSE3313
MT216,MSE2302
MT026,MSE2301
MT218,MSE3314
ET310,CHN3405
GA357,LA3307
EI901,EE1503
AV104,AE1503
AV204,AE1702
FO103,AE1703
FO104,AE1704
EN138,AE1705
EN137,AE1706
EN136,FL1306
AV207,AE2402
AV208,AE2503
GA425,LA8005
GA426,LA8101
GA427,LA6302
XP301,AE2704
FO203,AE2705
FO204,AE2706
AV201,AE3301
AV308,AE3303
AV307,AE3402
AV310,AE3405
AV314,AE3406
AV318,AE3407
AV309,AE3504
AV315,AE3507
AV316,AE3708
AV317,AE3709
FO305,AE3710
AV311,AE4301
AV419,AE4303
AV422,AE4304
AV423,AE4305
AV410,AE4402
AV424,AE4406
AV425,AE4407
AV426,AE4408
AV427,AE4409
AV428,AE4510
AV429,AE4511
AV430,AE4512
AV431,AE4513
AV432,AE4514
AV433,AE4615
AV434,AE4616
AV435,AE4617
BS096,AE4718
PH025,PHY1209
CA383,CHEM5401
EN222,CHN1413
GA215,LA2317
GA216,LA3309
SE367,SE3353
SE234,SE2321
AI003,AI1601
AI004,AI1602
AI006,AI1603
AU331,AI3701
AU336,AI3702
AU337,AI3703
AU338,AI3704
AU340,AI3705
AU335,AI4701
AU339,AI4702
AR107,ARCH1308
AR117,ARCH1315
AR119,ARCH1316
AR118,ARCH1317
AR202,ARCH2301
AR210,ARCH2304
AR019,ARCH2308
AR304,ARCH2310
AR204,ARCH2312
CV204,ARCH2316
AR230,ARCH2318
AR018,ARCH2402
AR221,ARCH3301
AR307,ARCH3304
AR321,ARCH3306
AR322,ARCH3307
AR218,ARCH3308
AR315,ARCH3311
AR317,ARCH3314
AR318,ARCH3315
AR323,ARCH3317
AR313,ARCH3401
AR211,ARCH3402
AR411,ARCH3403
AR324,ARCH3405
AR403,ARCH4302
AR420,ARCH4303
AR421,ARCH4304
AR405,ARCH4307
AR413,ARCH4309
AR414,ARCH4310
AR400,ARCH4401
AR406,ARCH4402
AR412,ARCH4403
AR507,ARCH5303
AR506,ARCH5305
VR255,ART2550J
VR334,ART3340J
AN204,ASCI2301
AN211,ASCI2302
AN210,ASCI2303
BI115,ASCI2305
BI073,ASCI2307
AN209,ASCI2501
BI501,ASCI2502
BI491,ASCI2503
AN010,ASCI2601
AB399,ASCI3301
AN322,ASCI3302
AN328,ASCI3303
AN338,ASCI3401
AN329,ASCI3402
AN333,ASCI3403
AN326,ASCI3404
AN339,ASCI3405
AN300,ASCI3406
AN332,ASCI3407
AN307,ASCI3409
AN330,ASCI3410
BI504,ASCI3501
AN334,ASCI3503
AN340,ASCI3504
AN214,ASCI3505
AN337,ASCI3601
AN418,ASCI4403
AN213,ASCI4502
BS464,ASCI4601
XP102,ASCI4602
AS203,AST1401
AS101,AST1601
AS201,AST2601
AS202,AST2602
AS204,AST2901
AS302,AST3751
AS301,AST3752
AS305,AST3901
AS306,AST3902
AS304,AST4752
AS303,AST4753
AS401,AST4901
EE100,AU1601
AU203,AU2301
AU329,AU2302
AU408,AU2303
EI229,AU2514
AU330,AU3301
EI304,AU3302
AU204,AU3303
AU326,AU3304
AU311,AU3305
AU319,AU3306
AU416,AU3307
AU307,AU3308
AU310,AU3309
CS331,AU3310
AU302,AU3311
AU323,AU3312
AU328,AU3313
AU425,AU3314
AU424,AU3315
AU327,AU3316
AU324,AU3317
AU333,AU3320
AU342,AU3323
EI303,AU3501
EI315,AU3506
EI318,AU3517
EI343,AU3603
EE356,AU3605
EE352,AU3606
EE354,AU3607
AU321,AU3701
AU313,AU4301
AU420,AU4302
AU423,AU4303
BS099,AU4304
EE353,AU4606
EE355,AU4608
MU203,MUSI1508
AM233,BUSS1604
EM012,MECH2501
EM203,MECH2512
EM301,MECH3516
ME501,ME4932
ME114,ME3801
ME502,ME4933
ME456,PE3801
ME146,ME3802
PO443,PE4801
ME455,ME4803
ME454,ME4801
ME452,ME4802
CH075,MARX1207
MS005,JCCX0003
CA336,CHEM4451
AC408,BUSS3636
AC316,BUSS2516
AC317,BUSS2514
EN390,FL4325
VB116,BIO1160J
BI143,BIO1203
BI001,BIO1252
BI142,BIO1254
BI106,BIO1256
BI130,BIO1257
BI110,BIO1258
BI117,BIO1259
BI137,BIO1260
BI146,BIO1261
MS124,BIO1350
BI000,BIO1652
VB172,BIO1720J
BI131,BIO2201
BI144,BIO2202
BI145,BIO2203
BI211,BIO2210
BI315,BIO2220
BI292,BIO2222
BI013,BIO2251
BI223,BIO2254
BI286,BIO2301
BI287,BIO2302
BI261,BIO2351
BI262,BIO2352
MS307,BIO2353
MS308,BIO2354
BI385,BIO2355
BI249,BIO2356
BI147,BIO2357
BI291,BIO2401
BI295,BIO2402
BI017,BIO2451
BI289,BIO2501
BI290,BIO2502
BI296,BIO2503
BI299,BIO2602
BI285,BIO2603
BI278,BIO2609
BI356,BIO2610
BI014,BIO2651
BI224,BIO2654
BI288,BIO2711
BI279,BIO2751
BI280,BIO2752
BI313,BIO2801
BI293,BIO2811
BI294,BIO2911
BI307,BIO3201
BI461,BIO3202
BI310,BIO3301
BI318,BIO3302
BI419,BIO3304
BI423,BIO3305
MS202,BIO3350
BI260,BIO3351
MS310,BIO3352
MS306,BIO3353
MS309,BIO3354
MS305,BIO3355
BI467,BIO3401
BI326,BIO3402
BI339,BIO3404
BI382,BIO3405
BI410,BIO3406
BI444,BIO3408
BI483,BIO3410
BI484,BIO3411
BI485,BIO3412
BI486,BIO3413
BI487,BIO3414
BI371,BIO3501
BI372,BIO3502
BI383,BIO3503
BI437,BIO3504
BI462,BIO3505
BI470,BIO3506
BI471,BIO3507
BI472,BIO3508
BI473,BIO3509
BI475,BIO3510
BI476,BIO3511
BI493,BIO3512
CS022,BIO3513
BI506,BIO3514
BI357,BIO3601
BI308,BIO3651
BI362,BIO3701
BI328,BIO3711
BI344,BIO3721
BI366,BIO3722
BI281,BIO3752
BI479,BIO3801
BI480,BIO3805
BI323,BIO3811
BI364,BIO3821
BI469,BIO3822
BI329,BIO3911
BI367,BIO3921
BI466,BIO3922
BI412,BIO4401
BI411,BIO4701
BS447,BIO4702
BS104,BIO4750
BI402,BIO4801
BS449,BIO4802
BI390,BIO4901
BS448,BIO4902
BM318,BME1201
BM189,BME1202H
BI120,BME1203
BI918,BME1204
BI148,BME2201
BI496,BME2401
BI277,BME2402
BM251,BME2301
BI053,BME2302
BI138,BME2303
BI139,BME2304
BI276,BME3201
BI498,BME3202
BM253,BME3301
BI428,BME3302
BI455,BME3303
BI908,BME3304
CS364,BME3305
BI250,BME3306
EI368,BME3307
BI252,BME3308
BI909,BME3309
BI268,BME3310
BI255,BME3311
BI431,BME3401
BI124,BME3402
BI122,BME3403
BI407,BME3404
BI399,BME3405
BM321,BME3406
BM425,BME4201
BS098,BME4202
BI123,BME4301
BI136,BME4302
BI054,BME4303
BI048,BME4304
BI135,BME4401
BI458,BME5301
BI275,BME5302
BI497,BME5303
BI052,BME5304
BI355,BME6002H
VX101,BUS1010J
VX203,BUS2030J
VR208,BUS2080J
VX250,BUS2500J
VX251,BUS2510J
VX310,BUS3100J
VX351,BUS3515J
VR367,BUS3670J
VX401,BUS4010J
VX402,BUS4020J
VX420,BUS4200J
VX421,BUS4210J
VX422,BUS4220J
VX423,BUS4230J
VX425,BUS4250J
VX440,BUS4400J
VF457,BUS4570J
CS159,BUSS1301
BU103,BUSS1302
BU108,BUSS1303
MA187,BUSS1402
AM110,BUSS1601
AC101,BUSS1602
AM103,BUSS1603
BU203,BUSS2301
EC211,BUSS2302
IM203,BUSS2401
AM212,BUSS2402
BU311,BUSS2406
BU348,BUSS2408
BU388,BUSS2409
AM213,BUSS2410
AC352,BUSS2501
BU327,BUSS2502
AM217,BUSS2503
AC311,BUSS2504
AM218,BUSS2505
IM414,BUSS2506
AM214,BUSS2507
HR200,BUSS2509
AM216,BUSS2510
BU304,BUSS2512
AM215,BUSS2513
BU339,BUSS2601
AM220,BUSS2603
AM221,BUSS2604
IM202,BUSS2607
AC305,BUSS2610
BU202,BUSS3404
BU460,BUSS3411
AC313,BUSS3501
AM353,BUSS3502
AC456,BUSS3503
BU102,BUSS3504
BU370,BUSS3505
AM416,BUSS3507
BU343,BUSS3508
AC434,BUSS3513
IM324,BUSS3514
IM323,BUSS3515
HR307,BUSS3517
BU369,BUSS3519
AM303,BUSS3520
IM403,BUSS3521
AM417,BUSS3523
BU308,BUSS3524
AC331,BUSS3525
HR405,BUSS3526
CV103,CE2603
CV202,CE2605
EM214,CE2606
CV219,CE2609
CV104,CE2610
CV220,CE2612
CV221,CE2613
CV206,CE2614
AR020,CE2617
CV218,CE2619
CV001,CE2620
EM227,CE2650H
CE320,CENG4501
CE323,CENG4502
CE327,CENG4503
CE331,CENG4504
CE409,CENG4505
CE332,CENG4601
CE333,CENG4602
CE410,CENG4603
CA216,CENG4701
CE321,CENG4702
CA245,CHEM1201
CA001,CHEM1202
BM110,CHEM1205
BM125,CHEM1207
CA160,CHEM1208
CA149,CHEM1210
BM177,CHEM1211
CA157,CHEM1211H
CA253,CHEM1212
CA165,CHEM1213
CA166,CHEM1214
BM180,CHEM1215
BM176,CHEM1216
BM178,CHEM1217
BM179,CHEM1218
CA380,CHEM1220
CA163,CHEM1250
CA156,CHEM1301
CA044,CHEM1302
CA254,CHEM1309
CA161,CHEM1350
VC209,CHEM2090J
VC210,CHEM2100J
VC211,CHEM2110J
CA239,CHEM2201
CA240,CHEM2202
CA113,CHEM2203
CA018,CHEM2204
CA125,CHEM2205
CA047,CHEM2250
CA251,CHEM2251
CA155,CHEM2301
CA042,CHEM2302
CA023,CHEM2303
CA137,CHEM2304
EE035,CHEM3001
CA242,CHEM3201
CA220,CHEM3202
CA243,CHEM3301
CA241,CHEM3307
CA227,CHEM3308
CA223,CHEM3350
CA354,CHEM3351
CA244,CHEM3401
CA124,CHEM3403
CA219,CHEM3404
CA147,CHEM3550
MS116,CHEM3650
CA249,CHEM4301
CA352,CHEM4304
CE203,CHEM4306
EV310,CHEM4314
CA355,CHEM4350
CA248,CHEM4401
CA317,CHEM4402
EV309,CHEM4403
CA333,CHEM4404
CA305,CHEM4405
CA318,CHEM4406
CA319,CHEM4407
CA316,CHEM4408
CA230,CHEM4409
CA469,CHEM4410
CE202,CHEM4411
CA403,CHEM4413
CA132,CHEM4415
CA348,CHEM4416
CA221,CHEM4419
CA337,CHEM4420
CA338,CHEM4421
CA342,CHEM4422
CA378,CHEM4423
CA356,CHEM4450
CA402,CHEM4503
CA363,CHEM4504
CA365,CHEM4505
CA468,CHEM4506
CA369,CHEM4508
CA373,CHEM4550
CE101,CHEM4551
CA375,CHEM4601
CA374,CHEM4602
CA414,CHEM4603
CA413,CHEM4604
MS119,CHEM4610
MS120,CHEM4611
BS451,CHEM4650
CE328,CHEM4701
CA370,CHEM4702
CE412,CHEM4703
CA148,CHEM4705
CA467,CHEM4706
CA401,CHEM4707
CA372,CHEM4708
CA310,CHEM5402
CA346,CHEM5405
CA340,CHEM5502
CA332,CHEM5503
CA344,CHEM5506
CA343,CHEM5550
MS402,CHEM5650
MS118,CHEN3651
VZ003,CHN0030J
VZ011,CHN0110J
VZ012,CHN0120J
VZ021,CHN0210J
VZ022,CHN0220J
VZ031,CHN0310J
VZ032,CHN0320J
VZ041,CHN0410J
VZ042,CHN0420J
VZ051,CHN0510J
VZ052,CHN0520J
VZ061,CHN0610J
VZ062,CHN0620J
SO113,CHN0914
CH008,CHN0919
CH080,CHN0920
CH081,CHN0921
JC304,CHN0922
CH003,CHN0924
VZ102,CHN1020J
CL116,CHN1301
CL201,CHN1302
CL202,CHN1303
CL107,CHN1304
CH101,CHN1306
CL101,CHN1307
CL117,CHN1308
CL205,CHN1309
CL210,CHN1310
CL115,CHN1311
CH102,CHN1312
CL119,CHN1313
CH943,CHN1350
CL034,CHN1351
EN141,CHN1352
CI101,CHN1401
CI103,CHN1402
CI114,CHN1403
CI207,CHN1404
CI102,CHN1405
CI104,CHN1406
CI115,CHN1407
CI208,CHN1408
CI237,CHN1409
CI386,CHN1410
CI120,CHN1411
CI121,CHN1412
EN223,CHN1414
CL105,CHN2301
CL310,CHN2302
CL231,CHN2303
EN259,CHN2304
CH051,CHN2305
CL219,CHN2306
CL220,CHN2307
CL225,CHN2308
CL226,CHN2309
CL227,CHN2310
CL228,CHN2311
CL229,CHN2312
CL313,CHN2313
CH110,CHN2314
CH203,CHN2315
CL217,CHN2316
CL311,CHN2317
CL218,CHN2318
CL230,CHN2319
CL216,CHN2320
CL221,CHN2321
CL222,CHN2322
CL223,CHN2323
CL224,CHN2324
CH111,CHN2325
CI201,CHN2401
CI203,CHN2402
CI225,CHN2403
CI341,CHN2404
CI202,CHN2405
CI204,CHN2406
CI226,CHN2407
CI342,CHN2408
CI321,CHN2409
JA220,CHN2410
CI216,CHN2411
CI227,CHN2412
PM348,CHN2413
CI376,CHN2414
CI119,CHN2415
CI438,CHN2416
CI228,CHN2417
CI229,CHN2418
CI230,CHN2419
CI231,CHN2420
CI232,CHN2421
CI233,CHN2422
CI234,CHN2423
CI235,CHN2424
VR252,CHN2520J
VR280,CHN2800J
CL331,CHN3301
CL332,CHN3302
CL212,CHN3303
CL323,CHN3304
CL333,CHN3305
CL334,CHN3306
CL335,CHN3307
CL336,CHN3308
CL348,CHN3309
CL409,CHN3310
CL422,CHN3311
CH305,CHN3312
CL330,CHN3313
CL300,CHN3314
CL337,CHN3315
CL338,CHN3316
CL339,CHN3317
CL340,CHN3318
CL341,CHN3319
CL342,CHN3320
CL343,CHN3321
CL344,CHN3322
CL345,CHN3323
CL346,CHN3324
CH306,CHN3325
CL347,CHN3326
CI305,CHN3401
CI306,CHN3402
CI363,CHN3403
CI421,CHN3404
CI313,CHN3406
CI314,CHN3407
CI387,CHN3408
CI315,CHN3409
CI378,CHN3410
CI379,CHN3411
CI388,CHN3412
CI402,CHN3413
CI300,CHN3414
CI350,CHN3415
CI319,CHN3416
CI389,CHN3417
CI390,CHN3418
CI366,CHN3419
CI369,CHN3420
CI373,CHN3421
EC106,CHN3422
BU101,CHN3423
CI367,CHN3424
CI374,CHN3425
ET400,CHN3426
CI364,CHN3427
CI365,CHN3428
FI300,CHN3429
EN435,CHN3430
CI382,CHN3431
CI383,CHN3432
EN340,CHN3433
EN341,CHN3434
CI346,CHN3435
CI347,CHN3436
VR363,CHN3630J
BS452,CHN4301
EN411,CHN4302
CI357,CHN4401
CI437,CHN4402
CI380,CHN4403
CI401,CHN4404
CI431,CHN4405
CI407,CHN4406
CI439,CHN4407
CI411,CHN4408
CI429,CHN4409
BU401,CHN4410
FI316,CHN4411
BS425,CHN4412
BS062,CHN4413
BU106,CIM4478
JC121,CIM4480
EC101,CIM1203
CH323,CIM1225
JC036,CIM1241
CH128,CIM1243
CH007,CIM4479
PU221,CIM2207
PU222,CIM2208
CH108,CIM2209
CH321,CIM2210
FT351,CIM2211
JC308,CIM2212
PU235,CIM2213
PU420,CIM2214
JC117,CIM2242
PU333,CIM2249
JC038,CIM2252
PU332,CIM3115
PU341,CIM3116
PU342,CIM3117
PU344,CIM3118
PU343,CIM3120
PU011,CIM3126
PU347,CIM3127
PU346,CIM3128
PU418,CIM3129
JC037,CIM3150
JC119,CIM3151
PU348,CIM3232
PU349,CIM3233
PU350,CIM3234
PU354,CIM3235
PU355,CIM3236
PU416,CIM3437
JC407,CIM4121
JC408,CIM4122
PU437,CIM4123
PU414,CIM4130
PU417,CIM4131
BS019,CIM4438
CS149,CS0501
CS158,CS0501H
CS146,CS0900
CS171,CS1501
CS157,CS1501H
MA208,CS1601
CS124,CS1602
CS125,CS1603
CS162,CS1651
CS165,CS1652
CS163,CS1950
CS147,CS1951
MS106,CS1952
CS151,CS1953
CS152,CS1954
CS101,CS1955
MS125,CS1956
CS037,CS1980
CS172,CS1983
CS308,CS2301
CS307,CS2302
CS356,CS2303
CS499,CS2304
CS359,CS2305
CS145,CS2306
EI209,CS2307
CS214,CS2308
CS241,CS2309
MA238,CS2501
MA239,CS2501H
EI313,CS2522
CS221,CS2602
CS263,CS2603
EI333,CS2604
CS169,CS2651
CS170,CS2901
CS301,CS2950
MS108,CS2951
MS110,CS2952
MS208,CS2953
MA150,CS2954
CS225,CS2955
CS233,CS2956
CS251,CS2957
CS259,CS2958
CS387,CS2959
CS389,CS2960
CS447,CS2961
CS477,CS2962
CS487,CS2963
MA115,CS2964
CS254,CS2980
CS040,CS2981
CS089,CS2982
CS091,CS2983
CS473,CS3301
CS353,CS3302
SE353,CS3303
CS383,CS3304
IS310,CS3305
CS246,CS3306
CS438,CS3307
CS420,CS3308
CS240,CS3309
CS337,CS3310
CS339,CS3311
IS308,CS3312
CS467,CS3313
IS307,CS3314
CS242,CS3315
CS489,CS3316
CS410,CS3317
CS245,CS3319
CS239,CS3320
SE305,CS3321
CS235,CS3323
CS386,CS3324
IS309,CS3325
IS312,CS3326
CS238,CS3327
CS236,CS3328
CS431,CS3329
CS445,CS3330
EE458,CS3331
EI328,CS3507
EI327,CS3511
EI314,CS3512
EI326,CS3520
EI339,CS3606
EI338,CS3607
CS222,CS3608
CS385,CS3609
EE359,CS3610
EE357,CS3611
CS217,CS3950
MS113,CS3951
CS392,CS3952
CS391,CS3953
CS396,CS3954
MS318,CS3955
CS229,CS3956
CS230,CS3957
CS433,CS4302
CS248,CS4303
CS243,CS4304
CS427,CS4305
CS237,CS4306
CS244,CS4307
CS226,CS4308
IS314,CS4309
CS247,CS4310
IS311,CS4311
IS313,CS4312
CS249,CS4313
CS382,CS4314
BS101,CS4315
EI402,CS4504
EI403,CS4510
MS117,CS4950
CS207,CS4951
BS432,CS4952
VR201,CUL2010J
VR253,CUL2530J
VR353,CUL3530J
VR399,CUL3990J
AD110,DES1303
ID106,DES1305
ID107,DES1306
ID103,DES1307
ID105,DES1308
AD117,DES1310
ID117,DES1314
ID212,DES1315
ID113,DES1316
ID108,DES1317
ID120,DES1350H
AD126,DES1511
ID114,DES1512
AD127,DES1513
AD132,DES1601
AD116,DES1602
AD125,DES1603
AD237,DES1604
AD414,DES1605
AD084,DES1606
ID417,DES1607
AD214,DES1704
AD130,DES1705
AD131,DES1706
AD128,DES1707
CS111,DES2301
ID038,DES2306
AD803,DES4808
ID036,DES2308
ID037,DES2309
ID039,DES2311
ID204,DES2312
ID419,DES2318
IO409,DES2319
ID514,DES2320
ID420,DES2321
ID418,DES2322
AD083,DES2325
AD206,DES2501
AD086,DES2504
JC039,DES2505
AD087,DES2506
AD085,DES2507
AD232,DES2512
AD416,DES2515
AD226,DES2516
AD412,DES2517
AD233,DES2703
AD082,DES2704
AD308,DES2705
AD089,DES2706
AD088,DES2707
ID421,DES2713
AD411,DES2714
AD413,DES2715
AD415,DES2716
ID325,DES3304
ID321,DES3307
ID327,DES3311
ID609,DES3314
ID702,DES3319
ID512,DES3504
AD510,DES3505
AD512,DES3506
AD508,DES3507
AD618,DES3514
AD617,DES3515
ID606,DES3517
ID510,DES3601
AD613,DES3604
AD509,DES3704
AD511,DES3705
AD707,DES3706
ID416,DES3712
AD614,DES3713
AD615,DES3714
AD616,DES3715
AD612,DES3716
AR309,DES3717
ID513,DES3802
AD619,DES3807
ID610,DES4303
ID802,DES4304
AD403,DES4503
AD404,DES4504
AD705,DES4505
AD802,DES4507
ID608,DES4604
AD706,DES4701
AD620,DES4705
ID508,DES5401
ID511,DES5402
ID509,DES5403
ID607,DES5415
VE215,ECE2150J
VE216,ECE2160J
VE230,ECE2300J
VE270,ECE2700J
VE280,ECE2800J
VE281,ECE2810J
VE311,ECE3110J
VE312,ECE3120J
VE320,ECE3200J
VE330,ECE3300J
VE334,ECE3340J
VE370,ECE3700J
VE373,ECE3730J
VE401,ECE4010J
VE411,ECE4110J
VE413,ECE4130J
VE415,ECE4140J
VE420,ECE4200J
VE427,ECE4270J
VE434,ECE4340J
VE438,ECE4380J
VE449,ECE4411J
VE445,ECE4450J
VE450,ECE4500J
VE451,ECE4510J
VE452,ECE4520J
VE455,ECE4550J
VE458,ECE4580J
VE460,ECE4600J
VE461,ECE4610J
VE475,ECE4750J
VE484,ECE4760J
VE488,ECE4761J
VE477,ECE4770J
VE482,ECE4820J
VE487,ECE4870J
VE489,ECE4890J
VE490,ECE4900J
VE492,ECE4920J
VE499,ECE4990J
VE504,ECE6202J
VE520,ECE6206J
VE530,ECE6302J
VE534,ECE6303J
VE501,ECE6601J
VM564,ECE6602J
VE554,ECE6604J
VE556,ECE6605J
VE572,ECE6701J
VE593,ECE6702J
VE689,ECE7601J
EV002,ECOL1301
AB207,ECOL2302
RE003,ECOL2401
RE004,ECOL2501
BI074,ECOL2701
PL319,ECOL3303
RE211,ECOL3304
PL316,ECOL3407
AB304,ECOL3410
RE408,ECOL3411
PL328,ECOL3415
RE343,ECOL3416
RE204,ECOL3417
RE205,ECOL3418
RE207,ECOL3419
RE209,ECOL3420
RE210,ECOL3421
RE215,ECOL3422
RE212,ECOL3423
RE214,ECOL3424
RE208,ECOL3505
RE206,ECOL3506
RE213,ECOL3602
BI495,ECOL4402
RE203,ECOL4403
RE216,ECOL4404
RE217,ECOL4405
RE202,ECOL4602
VF101,ECON1010J
EC109,ECON1301
BU107,ECON1304
EC108,ECON1401
EC107,ECON1403
FI004,ECON1601
EC310,ECON2402
EC311,ECON2403
EC306,ECON2404
EC219,ECON2501
EC216,ECON2504
EC218,ECON2505
EC217,ECON2506
EC341,ECON2507
FI005,ECON2508
FI100,ECON2509
FI303,ECON2510
AM222,ECON2601
EC301,ECON2602
FI301,ECON2603
ET212,ECON2604
AM321,ECON2606
EC200,ECON2607
EC323,ECON2608
AM347,ECON2609
EC321,ECON3301
EC326,ECON3406
EN349,ECON3407
FI410,ECON3501
FI454,ECON3503
ET406,ECON3504
ET401,ECON3505
ET211,ECON3507
FI408,ECON3509
FI310,ECON3510
LA228,ECON3511
FI323,ECON3513
EC342,ECON3514
FI453,ECON3515
EC314,ECON3601
EC413,ECON3602
EC433,ECON3603
EC320,ECON3604
ET311,ECON3605
EC325,ECON3606
EC330,ECON3607
EC312,ECON3608
FI322,ECON3609
EC339,ECON3610
EC336,ECON3611
EC327,ECON3612
EN315,ECON3614
EC406,ECON3615
EC331,ECON3616
BS450,ECON4701
XP444,ECON4702
EC333,ECON7001
EC345,ECON7002
EC344,ECON7004
EC354,ECON7005
EC346,ECON9002
EC347,ECON9004
EC348,ECON9005
EI114,EE0501H
EI228,EE0509
EE105,EE1651
EI200,EE2301
EI312,EE2508
EI311,EE2521
EI249,EE2524
EI247,EE2527
EE003,EE2901
EE223,EE2902
EE220,EE2903
EE303,EE3304
EE332,EE3305
EE308,EE3306
EE300,EE3307
EE413,EE3308
EE315,EE3309
EE301,EE3310
EE302,EE3311
EE319,EE3312
EE340,EE3315
EE311,EE3317
EE317,EE3318
EE433,EE3319
EE333,EE3321
EE329,EE3322
EI306,EE3323
EI317,EE3515
EI248,EE3523
EI404,EE3524
EI252,EE3525
EI250,EE3528
AU320,EE3701
EE005,EE3901
EE006,EE3902
EE434,EE4302
EE422,EE4303
EE417,EE4304
EE435,EE4305
EE420,EE4306
EE415,EE4307
EE412,EE4308
EE400,EE4309
EE033,EE4310
EE430,EE4311
EE431,EE4312
EE404,EE4313
EE436,EE4314
EE411,EE4315
EE104,EE4316
EE425,EE4317
BS443,EE4319
EE034,EE4321
EI401,EE4518
VY100,ENGL1000J
VY125,ENGL1050J
VR120,ENGL1520J
VY200,ENGL2000J
VY201,ENGL2010J
VY210,ENGL2040J
VY223,ENGL2050J
VY298,ENGL2200J
VR290,ENGL2390J
VR222,ENGL2400J
VR241,ENGL2410J
VR292,ENGL2420J
VY230,ENGL2430J
VR276,ENGL2460J
VR239,ENGL2470J
VR245,ENGL2550J
VR236,ENGL2560J
VR205,ENGL2600J
VY311,ENGL3010J
VY301,ENGL3110J
VR320,ENGL3300J
VY325,ENGL3450J
VR333,ENGL3530J
VG100,ENGR1000J
VG101,ENGR1010J
VM384,ENGR3840J
VG450,ENGR4500J
VG451,ENGR4510J
VM484,ENGR4840J
VG496,ENGR4960J
EV001,ENVR3200
EV202,ENVR3202
EV205,ENVR3203
EV210,ENVR3204
EV211,ENVR3205
EV212,ENVR3206
EV213,ENVR3207
EV216,ENVR4201
EV314,ENVR4202
EV318,ENVR4204
EV323,ENVR4205
EV342,ENVR4206
EV343,ENVR4207
EV344,ENVR4208
EV345,ENVR4209
EV352,ENVR4210
EV353,ENVR4211
EV356,ENVR4213
EV357,ENVR4214
EV358,ENVR4215
EV359,ENVR4216
EV360,ENVR4217
EV361,ENVR4218
EV362,ENVR4219
EV364,ENVR4221
EV365,ENVR4222
EV366,ENVR4223
EV405,ENVR4224
EV406,ENVR4225
EV408,ENVR4226
EV415,ENVR4227
EV416,ENVR4228
EV417,ENVR4229
EV421,ENVR4230
EV200,ENVR4301
EV214,ENVR4302
EV325,ENVR4304
EV333,ENVR4305
XP101,ENVR4403
EV217,ENVR4405
EV367,ENVR4406
EV407,ENVR4407
EV422,ENVR4501
EV423,ENVR4502
EV424,ENVR4503
EV426,ENVR4504
EV427,ENVR4505
EV368,ENVR4508
EE216,EST2301
EE321,EST2302
EI243,EST2501
EI242,EST2502
EE221,EST2503
EE222,EST2504
EI234,EST2601
EE393,EST3301
EE391,EST3302
EE366,EST3303
EE390,EST3304
EE395,EST3305
EE234,EST3306
ES342,EST3307
IE309,EST3308
EE386,EST3313
EE347,EST3315
ES302,EST3316
EE457,EST3322
EE375,EST4301
ES343,EST4302
BS473,EST4306
EE455,EST4307
EN061,FL1201
EN042,FL1204
EN044,FL1205
EN133,FL1301
EN134,FL1302
EN246,FL1303
EN139,FL1304
EN135,FL1305
EN247,FL1307
EN140,FL1308
EN142,FL1329
EN143,FL1330
JA104,FL1402
JA105,FL1404
JA103,FL1405
JA249,FL1406
JA107,FL1407
JA106,FL1408
FO101,FL1501
GE103,FL1502
GE106,FL1503
FO102,FL1504
GE107,FL1505
GE104,FL1506
GE105,FL1507
GE209,FL1508
EN040,FL1701P
FR108,FL1811P
FR103,FL1812P
FR127,FL1813P
FR138,FL1814P
FR126,FL1815P
FR129,FL1816P
FR137,FL1817P
FR135,FL1902P
FR139,FL1903P
FR140,FL1904P
FR142,FL1905P
EN062,FL2201
EN041,FL1702P
EN043,FL2204
EN045,FL2205
EN260,FL2301
EN261,FL2302
EN262,FL2303
EN264,FL2304
EN263,FL2305
EN271,FL2306
EN272,FL2307
EN273,FL2308
EN127,FL2309
EN266,FL2310
EN267,FL2311
EN268,FL2312
EN322,FL2313
EN269,FL2314
EN371,FL2315
EN374,FL2331
EN277,FL2333
EN276,FL2334
JA203,FL2402
JA205,FL2403
JA207,FL2404
JA206,FL2405
JA222,FL2406
JA204,FL2407
JA210,FL2408
JA208,FL2409
JA209,FL2410
EN114,FL2411
EN115,FL2412
JA349,FL2413
JA225,FL2417
GE204,FL2501
GE202,FL2502
GE201,FL2503
GE203,FL2504
GE205,FL2505
GE206,FL2506
GE207,FL2507
GE208,FL2508
GE210,FL2509
GE211,FL2510
EN116,FL2511
EN117,FL2512
GE217,FL2521
GE218,FL2522
FR221,FL2603P
EN118,FL2611
EN119,FL2612
FR217,FL2621
FR218,FL2622
FR205,FL2801P
FR219,FL2802P
FR220,FL2803P
FR208,FL2804P
FR141,FL2901P
EN063,FL3201
EN046,FL2701P
EN372,FL3301
EN397,FL3302
EN356,FL3303
EN387,FL3304
EN388,FL3305
EN394,FL3306
EN391,FL3307
EN398,FL3308
EN396,FL3309
EN438,FL3310
EN382,FL3311
EN380,FL3312
EN383,FL3313
EN316,FL3314
EN384,FL3315
EN385,FL3316
EN376,FL3317
EN377,FL3318
EN317,FL3319
EN386,FL3320
EN331,FL3321
EN339,FL3322
EN332,FL3323
EN444,FL3324
EN456,FL3325
EN370,FL3326
EN373,FL3327
EN375,FL3328
EN350,FL3329
EN145,FL3343
LI307,FL3344
JA325,FL3401
JA305,FL3402
JA308,FL3403
JA303,FL3404
JA307,FL3405
JA309,FL3407
JA306,FL3408
JA304,FL3409
JA311,FL3410
JA312,FL3411
JA313,FL3412
JA449,FL3413
JA320,FL3414
JA327,FL3415
JA223,FL3421
JA224,FL3422
GE318,FL3501
GE319,FL3503
GE304,FL3504
GE306,FL3505
GE307,FL3506
GE308,FL3507
GE305,FL3508
GE313,FL3509
GE409,FL3510
GE402,FL3511
GE312,FL3512
GE317,FL3513
GE314,FL3514
GE310,FL3515
GE315,FL3516
GE316,FL3517
GE302,FL3519
FR323,FL3603P
EN242,FL3701P
EN436,FL3702P
FR319,FL3801P
FR321,FL3802P
FR316,FL3803P
FR320,FL3804P
FR322,FL3805P
FR317,FL3806P
FR307,FL3807P
FR308,FL3808P
FR310,FL3809P
FR318,FL3810P
FR215,FL3901P
EN064,FL4201
EN047,FL2702P
EN457,FL4301
EN453,FL4302
EN455,FL4303
EN270,FL4304
EN274,FL4305
EN449,FL4306
EN379,FL4307
EN052,FL4308
EN446,FL4309
EN445,FL4310
EN454,FL4311
EN459,FL4312
EN369,FL4313
EN448,FL4314
BS469,FL4315
EN460,FL4323
LI402,FL4324
JA404,FL4402
JA403,FL4403
JA402,FL4404
JA406,FL4405
JA310,FL4406
JA407,FL4407
JA409,FL4408
JA405,FL4409
JA416,FL4410
JA418,FL4413
JA419,FL4414
GE415,FL4502
GE404,FL4503
GE407,FL4504
GE309,FL4505
GE414,FL4507
GE408,FL4508
GE416,FL4513
FR418,FL4601P
FR419,FL4602P
FR420,FL4603P
EN241,FL4701P
EN437,FL4702P
FR409,FL4801P
FR422,FL4802P
FR421,FL4803P
FR216,FL4901P
FR413,FL4902P
BS439,FL4903P
BS095,FL4904P
EN065,FL5201
FS201,FOST2301
FS329,FOST2401
FS022,FOST2505
FS021,FOST2601
FS300,FOST3301
FS339,FOST3401
FS338,FOST3402
FS327,FOST3404
FS321,FOST3405
FS323,FOST3406
FS343,FOST3407
FS313,FOST3408
FS341,FOST3409
FS340,FOST3410
FS322,FOST3411
FS404,FOST3412
FS303,FOST3413
FS415,FOST3414
FS326,FOST3415
FS342,FOST3416
FS016,FOST3417
FS220,FOST3418
FS218,FOST3419
FS333,FOST3501
FS344,FOST3502
FS345,FOST3503
AB318,FOST3601
FS416,FOST4401
FS219,FOST4402
FS417,FOST4501
BS461,FOST4601
FT108,FT2469
JC122,FT2470
CH107,FT1201
FT102,FT1202
JC105,FT1203
JC216,FT1204
FT100,FT1219
FT210,FT1220
FT104,FT1234
JC123,FT1246
JC033,FT1247
JC032,FT1248
JC124,FT1249
FT209,FT2205
FT216,FT2206
FT223,FT2207
JC211,FT2208
FT215,FT2209
FT205,FT2221
FT217,FT2222
FT224,FT2223
FT340,FT2224
FT218,FT2225
FT219,FT2226
FT220,FT2227
AD901,FT2235
FT009,FT2236
FT221,FT2237
FT222,FT2441
AD321,FT3111
FT330,FT3112
JC321,FT3113
FT331,FT3114
FT321,FT3128
FT323,FT3129
FT327,FT3130
FT328,FT3131
FT329,FT3132
JC322,FT3133
FT227,FT3152
FT225,FT3161
FT332,FT3238
PU356,FT3239
FT336,FT3442
FT337,FT3443
BS007,FT3444
FT405,FT4440
FT226,FT4445
VW110,GER1100J
VW111,GER1110J
VR150,GER1650J
VW210,GER2100J
VW211,GER2110J
VW310,GER3100J
VW311,GER3110J
VR102,HIS1020J
HI102,HIS1501
VR203,HIS2030J
VR204,HIS2040J
VR206,HIS2060J
VR207,HIS2070J
VR209,HIS2090J
VR240,HIS2400J
VR258,HIS2580J
VR259,HIS2590J
VR261,HIS2610J
VR263,HIS2630J
VR264,HIS2640J
VR260,HIS2660J
VR309,HIS3090J
VR310,HIS3100J
PL202,HORT2301
PL302,HORT2302
BI489,HORT2303
BI492,HORT2501
PL307,HORT2502
PL101,HORT2503
BI051,HORT3301
BI076,HORT3303
AB306,HORT3403
BI350,HORT3407
PL406,HORT3408
PL404,HORT3410
AB028,HORT3412
PL411,HORT3413
PL346,HORT3414
PL407,HORT3426
PL209,HORT3417
PL211,HORT3418
PL212,HORT3419
PL210,HORT3420
PL207,HORT3421
PL215,HORT3422
PL205,HORT3423
PL208,HORT3424
PL216,HORT3425
BI503,HORT3501
PL343,HORT3502
PL325,HORT3503
PL326,HORT3601
PL214,HORT3602
PL401,HORT4401
PL425,HORT4405
PL414,HORT4406
PL427,HORT4407
PL213,HORT4410
PL206,HORT4411
PL345,HORT4502
BS079,HORT4601
EI227,ICE0501
EI015,ICE2301
EE369,ICE2302
EE228,ICE2303
EE215,ICE2305
EI210,ICE2501
EI310,ICE2502
CS258,ICE2601
EE208,ICE2602
EI332,ICE2603
EE101,ICE2604
EI331,ICE2605
EE325,ICE3301
CS139,ICE3301P
EE229,ICE3303
IE304,ICE3307
EE217,ICE3308
IE306,ICE3310
EE225,ICE3311
EE218,ICE3313
EE231,ICE3314
EE226,ICE3315
EE397,ICE3317
IE431,ICE3318
EE372,ICE3319
IE307,ICE3321
EE224,ICE3323
EE454,ICE3324
EE384,ICE3326
CS399,ICE3401P
CS137,ICE3402P
MA370,ICE3403P
EI316,ICE3505
EI344,ICE3513
EI345,ICE3519
EE447,ICE3608
EI302,ICE3701
EE230,ICE4301
EE382,ICE4302
EE383,ICE4305
EE450,ICE4306
EE374,ICE4307
EE232,ICE4308
IE308,ICE4309
EE227,ICE4311
BS472,ICE4312
EE453,ICE4313
IE302,ICE4314
IE312,ICE4315
IE319,ICE4316
IE320,ICE4317
CS448,ICE4404P
CS449,ICE4405P
CS450,ICE4406P
CS457,ICE4407P
EE211,ICE4408P
EE494,ICE4409P
EE445,ICE4410P
EE449,ICE4411P
IE317,ICE4610
MA224,IE2201
IO210,IE2202
IO209,IE2203
IO211,IE3201
IO213,IE3202
AM358,IE3203
EC212,IE3204
IO202,IE3205
IO318,IE3206
IO319,IE3207
IO212,IE3208
IO422,IE3301
IO214,IE3401
IO317,IE3402
AM019,IE3403
ME433,IE3480
IO315,IE4301
IO316,IE4302
ME434,IE4380
IO405,IE4401
IO407,IE4402
VM466,IE4660J
IO307,IE4901
IO406,IE4902
EI319,IST0516
MI305,IST2301
MI324,IST2701
MI318,IST3302
MI336,IST3303
MI301,IST3304
EE335,IST3307
EE334,IST3308
MI337,IST3309
ME300,IST3310
MI304,IST3311
MI310,IST3312
MI411,IST3313
MI407,IST3315
EE330,IST3317
MI309,IST3319
MI338,IST3320
MI311,IST3321
ME236,IST3322
EE403,IST4323
EI410,IST4324
AU450,IST4327
MI340,IST4328
BS089,IST4329
MI406,IST4330
EI408,IST4331
JC103,JC3160
JC115,JC3161
AD115,JC1201
BU105,JC1202
JC104,JC1204
JC406,JC1206
JC003,JC1218
JC101,JC1219
JC213,JC1223
JC001,JC1224
JC113,JC1438
JC205,JC2207
JC206,JC2208
JC207,JC2209
JC208,JC2210
JC209,JC2211
JC212,JC2213
JC222,JC2214
JC223,JC2215
JC224,JC2216
JC107,JC2225
JC225,JC2226
JC228,JC2227
JC331,JC2228
JC229,JC2231
JC230,JC2232
JC231,JC2233
JC034,JC2247
JC035,JC2249
JC411,JC2260
JC217,JC2439
JC218,JC2440
JC221,JC2441
JC323,JC3129
JC451,JC3130
JC120,JC3154
JC200,JC3164
JC116,JC3168
JC326,JC3234
JC327,JC3235
JC329,JC3236
JC410,JC3258
JC333,JC3442
JC409,JC4237
JC412,JC4443
BS058,JC4444
JC317,JC4445
PE101,KE1301
PE102,KE1302
CS115,KE1401
CS116,KE1402
CS004,KE1403
AM335,KE1502
AM041,KE1503
AM341,KE1504
AM339,KE1505
PE103,KE2301
PE104,KE2302
EN344,KE2501
EN345,KE2502
AM340,KE2503
PE304,KE2504
AM344,KE3401
AM349,KE3502
AM338,KE3503
PE301,KE3504
PE303,KE3505
AM333,KE3506
AM351,KE3507
PE302,KE4501
PE305,KE4502
AM406,KE4601
AM357,KE4602
BS475,KE4702
GA103,LA1302
GA104,LA1303
AB202,LA2301
GA011,LA2307
GA008,LA2308
GA009,LA2309
GA012,LA2310
GA207,LA2311
GA210,LA2316
GA209,LA2318
GA213,LA2319
GA214,LA2320
AB203,LA2401
PL323,LA3302
GA350,LA3308
GA353,LA3310
GA355,LA3311
IT302,LA3312
GA347,LA3316
GA349,LA3317
GA354,LA3318
GA352,LA3319
GA348,LA3320
GA346,LA3321
GA420,LA3401
GA342,LA3402
GA356,LA3404
GA423,LA4303
GA424,LA4305
LA112,LAW1301
LA113,LAW1302
LA118,LAW1303
LA121,LAW1304
LA114,LAW1305
LA120,LAW1306
LA238,LAW1307
LA119,LAW1419
LA116,LAW2308
LA202,LAW2309
LA204,LAW2310
LA230,LAW2311
LA232,LAW2312
LA115,LAW2313
LA205,LAW2314
LA224,LAW2315
LA225,LAW2316
LA229,LAW2317
LA234,LAW2318
LA231,LAW2401
LA351,LAW3102
LA210,LAW3319
LA355,LAW3320
LA226,LAW3321
LA354,LAW3322
LA207,LAW3402
LA208,LAW3403
LA211,LAW3404
LA360,LAW3405
LA366,LAW3407
LA212,LAW3408
LA313,LAW3409
LA326,LAW3410
LA337,LAW3411
LA362,LAW3412
LA363,LAW3413
LA364,LAW3414
LA361,LAW3416
LA209,LAW3420
LA216,LAW3421
LA350,LAW3422
LA367,LAW3423
LA323,LAW3424
LA324,LAW3425
LA412,LAW3427
LA318,LAW3805
LA319,LAW3806
LA317,LAW3807
LA315,LAW3808
AM422,LAW4415
LA365,LAW4416
LA402,LAW4417
LA433,LAW4418
LA372,LAW4426
LA349,LAW4428
LA410,LAW4430
LA437,LAW4431
LA449,LAW4501
LA438,LAW4502
LA439,LAW4503
LA441,LAW4504
LA446,LAW4505
LA447,LAW4506
LA450,LAW4507
LA451,LAW4508
BS444,LAW4509
LA028,LAW4809
LA405,LAW4810
VR111,LIN1110J
VR112,LIN1120J
MA248,MATH1201
MA249,MATH1202
MA241,MATH1203
MA242,MATH1204
MA270,MATH1205
MA271,MATH1205H
MA097,MATH1206
MA264,MATH1206H
MA119,MATH1207
MA263,MATH1207H
MA247,MATH1208
MA092,MATH1209
MA093,MATH1210
MA127,MATH1211
MA227,MATH1212
MA078,MATH1220
MA079,MATH1221
MA103,MATH1403
MA272,MATH1405
MA274,MATH1405H
MA273,MATH1406
MA275,MATH1406H
MA267,MATH1607H
MA268,MATH1608H
MA353,MATH3250
MA354,MATH3251
MA446,MATH3301
MA447,MATH3302
MA323,MATH3402
MA408,MATH3403
MA302,MATH3501
MA313,MATH3502
MA319,MATH3503
MA416,MATH3504
MA443,MATH3505
MA317,MATH3506
MA358,MATH3550
MA303,MATH3602
MA425,MATH3605
MA426,MATH3606
MA405,MATH3607
MA380,MATH3608
MA439,MATH3609
MA376,MATH3610
MA345,MATH3611
MA379,MATH3612
MA360,MATH3613
MA362,MATH3614
MA359,MATH3650
TH000,MARX1201
TH028,MARX1202
TH029,MARX1203
TH007,MARX1204
XP004,MARX1206
TH013,MARX1211
TH014,MARX1212
VV115,MATH1150J
VV116,MATH1160J
MA159,MATH1301P
MA160,MATH1302P
VV156,MATH1560J
VV186,MATH1860J
VE203,MATH2030J
VV214,MATH2140J
VV215,MATH2150J
VV216,MATH2160J
MA172,MATH2301P
MA173,MATH2302P
MA157,MATH2303P
MA158,MATH2304P
VV255,MATH2550J
VV256,MATH2560J
VV285,MATH2850J
VV286,MATH2860J
MA367,MATH3301P
MA368,MATH3302P
MA369,MATH3303P
MA366,MATH3304P
MA174,MATH3306P
MA175,MATH3307P
MA176,MATH3401P
MA182,MATH3402P
MA350,MATH3403P
VV417,MATH4170J
MA438,MATH4401P
CS442,MATH4402P
VV454,MATH4540J
VV471,MATH4710J
VV556,MATH6001J
VV557,MATH6002J
VV570,MATH6003J
VM010,ME0800J
VM020,ME0801J
ME116,ME1221
ME147,ME1221H
VM211,ME2110J
ME208,ME2220
EM027,ME2221
ME369,ME2232
ME370,ME2233
VM235,ME2350J
VM240,ME2400J
ME131,ME2415
VM250,ME2500J
XP202,ME2921
VM305,ME3050J
VM311,ME3110J
VM320,ME3200J
ME239,ME3213
ME238,ME3215
ME209,ME3220
ME399,ME3221
ME345,ME3222
ME451,ME3224
ME214,ME3311
ME225,ME3312
ME385,ME3321
VM335,ME3350J
ME327,ME3411
ME316,ME3416
VM350,ME3500J
ME387,ME3511
VM360,ME3600J
ME374,ME3611
ME390,ME3621
ME237,ME3631
ME499,ME3641
ME375,ME3711
ME384,ME3731
ME391,ME3751
VM382,ME3820J
VM395,ME3950J
VM412,ME4120J
VM418,ME4180J
VM420,ME4200J
VM421,ME4210J
VM432,ME4320J
VM433,ME4330J
VM434,ME4340J
VM440,ME4400J
MT495,ME4401P
MT378,ME4402P
PH444,ME4403P
PH441,ME4404P
ME215,ME4421
ME241,ME4424
VM450,ME4500J
ME240,ME4513
VM452,ME4520J
ME418,ME4521
VM458,ME4580J
VM461,ME4610J
VM467,ME4670J
ME436,ME4712
ME494,ME4721
VM481,ME4810J
VM482,ME4820J
VM490,ME4900J
ME446,ME4901P
ME348,ME4911
ME457,ME4913
BS076,ME4918
ME493,ME4931
VM495,ME4950J
VM505,ME6104J
VM511,ME6106J
VM523,ME6202J
VM503,ME6204J
VM530,ME6301J
VM551,ME6501J
VM555,ME6503J
VM552,ME6601J
VM583,ME6801J
EM207,MECH2502
EM212,MECH2504
EM216,MECH2507
EM215,MECH2508
EM218,MECH2508H
EM288,MECH2509
EM307,MECH2510
EM320,MECH2511
EM208,MECH2513
EM252,MECH2514
NA102,MECH2516
AV203,MECH2518
EM005,MECH2519
EM011,MECH2520
EM007,MECH2521
EM152,MECH2525
EM340,MECH3504
EM345,MECH3505
EM321,MECH3507
EM312,MECH3508
EM344,MECH3509
EM310,MECH3510
EM342,MECH3511
EM311,MECH3512
EM343,MECH3513
EM341,MECH3515
EM211,MECH3517
EM406,MECH3518
EM302,MECH3519
EM346,MECH3522
EM003,MECH3523
EM008,MECH3524
EM315,MECH3527
BS121,MECH4502
EM407,MECH4504
EM356,MECH4505
EM401,MECH4506
BM173,MED1301
BM174,MED1302
BM119,MED1307
BM212,MED1316
BM029,MED2350
BM030,MED2351
EN019,MED2352
BM175,MEDS1302
BM186,MEDS1303
AU432,MGTS6001
TH015,MIL1201
TH016,MIL1202
OS201,MS2301
MT419,MSE1201
MT418,MSE1202
VK250,MSE2500J
SO085,MSE2601
MT348,MSE2602
MT203,MSE2603
MT350,MSE2604
MT206,MSE2605
MT207,MSE2606
VK330,MSE3300J
MT307,MSE3307
MT346,MSE3308
MT347,MSE3309
MT308,MSE3310
MT321,MSE3311
MT309,MSE3312
XP005,MSE3315
MT345,MSE3501
MT318,MSE3502
VK360,MSE3600J
MT319,MSE3607
MT331,MSE3608
MT341,MSE3610
MT332,MSE3611
MT329,MSE3612
MT344,MSE3613
MT349,MSE3614
BS050,MSE4316
MT407,MSE4401
MT355,MSE4402
MT356,MSE4403
MT481,MSE4404
MT354,MSE4405
MT400,MSE4406
MT435,MSE4407
MT488,MSE4408
MT375,MSE4409
MT358,MSE4410
MT360,MSE4411
MT357,MSE4412
MT359,MSE4413
MT446,MSE4414
MT448,MSE4415
MT376,MSE4416
MT361,MSE4417
MT424,MSE4418
MT320,MSE4419
MT373,MSE4420
MT474,MSE4421
MT363,MSE4422
MT362,MSE4423
MT364,MSE4424
MT377,MSE4425
MT371,MSE4426
MT366,MSE4427
MT370,MSE4428
MT369,MSE4429
MT367,MSE4430
MT368,MSE4431
MT404,MSE4439
MT472,MSE4449
MT340,MSE4503
MT365,MSE4504
MT374,MSE4505
MT372,MSE4506
MT337,MSE4701
MT335,MSE4702
MT336,MSE4703
MT343,MSE4704
MT334,MSE4705
VM565,MSE6202J
VM509,MSE6602J
MR203,MST2304
CS261,MST2305
MR202,MST2306
MR008,MST3301
MR324,MST3302
IE310,MST3303
MR429,MST3304
MR300,MST3306
MR320,MST3307
MR330,MST3308
MR329,MST3309
MR426,MST3311
XP302,MST3312
MR310,MST3313
MR322,MST3314
MR332,MST3317
MR331,MST3318
MR411,MST3319
MR427,MST3320
MR400,MST4302
MR317,MST4303
MR318,MST4304
MR413,MST4305
MR325,MST4307
MR415,MST4308
MR428,MST4309
MR414,MST4310
NA233,NAOE2301
NA235,NAOE2302
NA232,NAOE2303
PO372,NAOE2401
TR317,NAOE3301
NA331,NAOE3302
NA319,NAOE3303
NA322,NAOE3304
NA342,NAOE3305
NA349,NAOE3306
NA345,NAOE3307
NA350,NAOE3308
NA344,NAOE3309
MT316,NAOE3310
NA351,NAOE3311
NA409,NAOE3312
NA321,NAOE3313
NA347,NAOE3314
XP445,NAOE3315
NA335,NAOE3316
NA346,NAOE3317
NA324,NAOE3318
NA338,NAOE3319
NA403,NAOE3320
NA471,NAOE3321
NA336,NAOE3322
NA301,NAOE3401
NA477,NAOE3402
NA303,NAOE3403
NA375,NAOE3404
NA418,NAOE3405
NA330,NAOE3406
NA373,NAOE3407
NA339,NAOE3408
NA302,NAOE3409
XP402,NAOE3410
BS212,NAOE4301
NA406,NAOE4302
NA420,NAOE4303
NA422,NAOE4304
NA467,NAOE4305
NA412,NAOE4306
NA410,NAOE4307
NA317,NAOE4308
NA452,NAOE4309
NA454,NAOE4310
NA348,NAOE4311
NA438,NAOE4312
NA462,NAOE4313
NA416,NAOE4401
NA414,NAOE4402
NA417,NAOE4403
NA413,NAOE4404
NA340,NAOE4405
NA453,NAOE4406
NA304,NAOE4407
BS213,NAOE4408
IS102,NIS1335
IS201,NIS2312
IS214,NIS2313
SE407,NIS2328
IS226,NIS2331
IS304,NIS3302
IS205,NIS3303
IS305,NIS3305
IS404,NIS3306
IS306,NIS3309
IS209,NIS3310
IS222,NIS3311
IS497,NIS3316
IS303,NIS3317
IS210,NIS3318
IS405,NIS3319
IS302,NIS3320
IS301,NIS3322
IS203,NIS3323
IS206,NIS3325
IS401,NIS3326
IS217,NIS3327
IS315,NIS3329
IS316,NIS3334
IS412,NIS4301
IS300,NIS4304
IS403,NIS4307
IS411,NIS4308
IS414,NIS4314
IS317,NIS4315
IS415,NIS4321
IS413,NIS4324
BS470,NIS4332
IS407,NIS4333
NU201,NU2301
NU303,NU3201
NU306,NU3202
NU307,NU3203
NU308,NU3204
NU309,NU3205
NU310,NU3206
NU909,NU3301
NU919,NU3302
ME497,NU3303
NU314,NU4201
NU316,NU4202
NU404,NU4203
NU322,NU4301
NU326,NU4302
NU327,NU4303
NU403,NU4304
NU406,NU4305
NU407,NU4306
NU408,NU4307
NU328,NU4401
NU325,NU4402
NU330,NU4501
NU329,NU4601
NU405,NU4602
XO103,NURS1301
PS100,NURS1302
BE204,PE2201
BE203,PE2202
BE316,PE3201
BE324,PE3202
EM026,PE3203
ME329,PE3204
ME204,PE3205
PO302,PE3206
ME496,PE3301
PO320,PE3304
ME219,PE3401
PO347,PE3406
PO343,PE3602
PO348,PE3603
PO437,PE3605
PO436,PE3606
ME223,PE3701
ME224,PE3702
ME221,PE3705
ME477,PE4201
ME218,PE4302
PO344,PE4304
PO345,PE4401
PH442,PE4401P
PH443,PE4402P
ME447,PE4403P
ME449,PE4404P
PO434,PE4405P
ME220,PE4501
PO208,PE4508
ME222,PE4701
PO346,PE4702
PO435,PE4901P
PM206,PHAR2201
BI227,PHAR2202
PM201,PHAR2203
PM449,PHAR2204
PM454,PHAR2205
PM252,PHAR2206
BI282,PHAR2207
XP200,PHAR2208
PM204,PHAR2209
PM208,PHAR2301
PM334,PHAR2302
XP207,PHAR2303
PM328,PHAR3201
PM325,PHAR3202
PM312,PHAR3203
PM329,PHAR3204
PM324,PHAR3205
PM314,PHAR3206
PM351,PHAR3207
PM327,PHAR3208
PM406,PHAR3209
PM326,PHAR3210
PM342,PHAR3211
PM207,PHAR3212
PM409,PHAR3213
PM407,PHAR3214
PM315,PHAR3215
PM333,PHAR3216
PM317,PHAR3217
PM316,PHAR3218
PM318,PHAR3219
PM332,PHAR3220
PM330,PHAR3221
PM408,PHAR4201
PM343,PHAR4202
PM345,PHAR4203
PM405,PHAR4204
PM411,PHAR4205
BS434,PHAR4206
PM418,PHAR4301
PM413,PHAR4302
PM412,PHAR4303
PM417,PHAR4304
PM414,PHAR4305
PM416,PHAR4306
PM419,PHAR4307
PM421,PHAR4308
PM420,PHAR4309
PM422,PHAR4310
PM423,PHAR4311
PM424,PHAR4312
PM425,PHAR4313
BS102,PHAR5301
VR202,PHIL2020J
VR251,PHIL2510J
VR262,PHIL2620J
VR265,PHIL2650J
VR275,PHIL2750J
VR355,PHIL3550J
VR361,PHIL3610J
PH056,PHY1200
PH132,PHY1201H
PH133,PHY1202H
PH024,PHY1208
BM107,PHY1210
BM114,PHY1211
PH028,PHY1221
PH029,PHY1222
PH072,PHY1223H
PH073,PHY1224H
PH111,PHY1225
PH117,PHY1226
BM172,PHY1227
PH070,PHY1251H
PH071,PHY1252H
PH054,PHY1301
PH124,PHY1301P
PH055,PHY1302
CA041,PHY1302P
PH119,PHY1401
MS204,PHY1402
PH104,PHY1403
PH123,PHY1404
MA144,PHY1600
PH101,PHY1601
PH102,PHY1602
PH103,PHY1603
PH202,PHY1604
PH244,PHY1605
PH118,PHY1606
PH129,PHY1623
CS078,PHY1750
PH125,PHY1751
MS209,PHY1900
MS203,PHY1950
PH247,PHY2301P
PH248,PHY2302P
PH249,PHY2303P
PH250,PHY2304P
PH204,PHY2401
PH115,PHY2402
PH205,PHY2403
PH122,PHY2404
PH257,PHY2501
PH238,PHY2502
PH239,PHY2504
PH336,PHY2505
PH251,PHY2506
PH258,PHY2507
PH259,PHY2509
PH223,PHY2601
PH376,PHY2603
PH303,PHY2604
PH253,PHY2607
PH302,PHY2608
PH254,PHY2611
PH240,PHY2612
PH128,PHY2900
PH353,PHY2902
PH243,PHY2903
PH354,PHY2904
PH371,PHY3301P
PH373,PHY3302P
PH372,PHY3303P
PH375,PHY3304P
PH380,PHY3305P
PH381,PHY3306P
PH404,PHY3401
PH374,PHY3401P
PH367,PHY3402
PH434,PHY3402P
PH377,PHY3601
PH329,PHY3651
PH330,PHY3652
PH378,PHY3653
PH364,PHY3701
PH241,PHY3702
PH379,PHY3750
PH338,PHY3751
PH337,PHY3753
PH339,PHY3755
PH358,PHY3756
PH446,PHY3757
PH403,PHY3758
PH351,PHY3760
PH260,PHY3761
PH425,PHY3762
PH360,PHY3763
PH361,PHY3764
PH343,PHY3851
PH328,PHY3852
PH416,PHY3853
PH362,PHY3901
PH355,PHY3902
PH363,PHY3903
PH356,PHY3904
PH041,PHY4751
PH067,PHY4752
PH445,PHY4753
PH350,PHY4761
PH439,PHY4901
BS103,PHY5702
VP140,PHYS1400J
VP141,PHYS1410J
VP160,PHYS1600J
VP240,PHYS2400J
VP241,PHYS2410J
VP260,PHYS2600J
VP390,PHYS3900J
VR101,POL1010J
VR140,POL1400J
VR160,POL1600J
VR369,POL3690J
VR380,POL3800J
EN057,PREP1201
MA018,PREP1203
MA019,PREP1204
CS097,PREP1205
CS098,PREP1206
PS103,PSY1201
VR121,PSY1210J
PU103,PUM1301
PU104,PUM1302
PU107,PUM1303
PU108,PUM1304
EC203,PUM1305
PU113,PUM1306
PU200,PUM1307
PU320,PUM1308
PU225,PUM1309
PU226,PUM1310
AM219,PUM2300
EC207,PUM2311
PU228,PUM2312
PU229,PUM2313
PU232,PUM2314
PU240,PUM2315
PU230,PUM2316
PU238,PUM2317
PU241,PUM2318
PU313,PUM2319
PU322,PUM2320
PU361,PUM3321
PU302,PUM3322
PU321,PUM3323
PU323,PUM3324
PU325,PUM3325
PU406,PUM3326
PU318,PUM3327
PU316,PUM3430
PU358,PUM3431
PU362,PUM3432
PU363,PUM3433
PU336,PUM3434
PU338,PUM3435
PU339,PUM3436
PU340,PUM3437
PU359,PUM3438
PU360,PUM3439
PU430,PUM4328
BS405,PUM4329
BS476,PUM4330
PU412,PUM4440
PU431,PUM4441
PU436,PUM4442
PU441,PUM4443
PU442,PUM4444
SE118,SE2307
SE127,SE2308
SE223,SE2314
SE119,SE2316
SE120,SE2317
SE121,SE2318
SE128,SE2320
SE302,SE3321
SE332,SE3323
SE344,SE3325
SE342,SE3328
SE123,SE3330
SE124,SE3331
SE125,SE3332
SE315,SE3333
SE340,SE3335
SE213,SE3336
SE341,SE3337
SE348,SE3340
SE358,SE3346
SE359,SE3347
SE361,SE3349
SE362,SE3350
SE363,SE3351
SE222,SE3701
SE364,SE4353
SE365,SE4354
SE366,SE4355
BS474,SE4357
ME210,SI1210
ME124,SI1211
ME122,SI1212
ME213,SI1214
ME130,SI1215
VR301,SOC3010J
VR381,SOC3810J
VE406,STAT4130J
VE300,TC3000J
VE496,TC4960J
VG500,TC5000J
TR204,TE2702
TR202,TE2703
AM239,TE2704
TR313,TE3701
TR302,TE3702
TR315,TE3703
TR414,TE3704
TR316,TE3705
CV400,TE3706
TR304,TE3707
TR318,TE3708
TR303,TE3709
TR451,TE3718
BS214,TE4701
TR416,TE4702
TR312,TE4703
TR417,TE4704
TR402,TE4705
TR415,TE4706
CV439,TE4716
CV446,TE4718
BM031,ZT1201
BM187,ZT1202
BM166,ZT1303
BM218,ZT1304
BM188,ZT1306
PU018,ZT2301
BM215,ZT2308
BM217,ZT2309
BM219,ZT2310
BM220,ZT2311
BM223,ZT2312
MS126,ZYH1301
MS401,ZYH4001
JC429,JC3185
FT208,FT2490
FT343,FT2491
LA414,LAW3256
EE235,AI2618
JC233,JC2346
JC234,JC2347
BM226,MED2354
EC355,ECON6002
CA359,CHEM4303
CA358,CHEM4302
CA320,CHEM4305
CA470,CHEM4507
IM315,BUSS3602
AC306,BUSS3603
BU335,BUSS3604
AM415,BUSS3607
AC432,BUSS3609
AC314,BUSS3610
BU360,BUSS3611
AM343,BUSS3613
IM409,BUSS3616
IM319,BUSS3617
BU374,BUSS3619
IM322,BUSS3620
AM363,BUSS3621
BU350,BUSS3622
AM362,BUSS3623
IM317,BUSS3625
BU204,BUSS3627
EC329,BUSS3628
BU421,BUSS3630
EC356,BUSS3635
HR401,BUSS4403
BU412,BUSS4501
BU341,BUSS4502
BU363,BUSS4603
AC336,BUSS4604
IM321,BUSS4605
BU366,BUSS4607
BU417,BUSS4609
AM407,BUSS4701
AU430,BUSS6002
AU431,BUSS6008
AU428,BUSS6009
AU427,BUSS6010
EC350,BUSS9009
EC349,BUSS9020
PH130,PHY1621
PH131,PHY1622
PH220,PHY1624
MA179,MATH1802
MA351,MATH2250
MA352,MATH2251
MA204,MATH2401
MA199,MATH2402
MA266,MATH2450
MA202,MATH2501
MA243,MATH2607
MA269,MATH2607H
MA214,MATH2609
MA257,MATH2650
MA206,MATH2701
ST201,MATH2702
MA231,MATH2703
MS107,MATH2750
MA332,MATH2751
MA235,MATH2802
MA306,MATH3701
MA324,MATH3703
MA357,MATH3705
MA383,MATH3706
MA381,MATH3707
MA385,MATH3708
MA387,MATH3710
ST301,MATH3711
MA451,MATH3712
ST303,MATH3713
ST304,MATH3714
MA322,MATH3801
MA310,MATH3804
MA378,MATH3806
MA377,MATH3807
MA373,MATH3808
EM408,MATH3809
BS420,MATH4301
MA448,MATH4302
MA449,MATH4303
BS471,MATH4304
BS073,MATH4350
MA414,MATH4404
MA418,MATH4405
MA333,MATH4406
MA413,MATH4407
MA444,MATH4408
MA440,MATH4603
MA406,MATH4701
MA411,MATH4702
MA403,MATH4703
MA356,MATH4704
MA430,MATH4802
MA445,MATH4803
ME228,ME3602
NU202,NU4308
ME227,ME3601
CV369,CE3602
CV310,CE3603
CV376,CE3605
CV363,CE3606
CV343,CE3607
CV322,CE3608
CV312,CE3609
CV302,CE3610
CV300,CE3611
CV375,CE3612
CV373,CE3613
CV306,CE3614
EM316,CE3615
EM352,CE3616
CV405,CE3617
CV377,CE3619
CV374,CE3620
CV368,CE3623
CV328,CE3624
CV350,CE3625
CV371,CE3626
CV336,CE3627
CV307,CE3628
CV372,CE3629
CV308,CE3630
CV406,CE3632
CV362,CE3634
CV364,CE3635
CV370,CE3636
CV449,CE4601
CV447,CE4603
LA432,CE4604
CV450,CE4605
CV448,CE4606
CV402,CE4607
BS097,CE4609
CV427,CE4610
CV445,CE4612
CV451,CE4613
CS446,CE4615
CV444,CE4617
CV423,CE4618
AR312,CE4619
AR408,CE4620
CE207,CENG4301
CE208,CENG4302
CE416,CENG4303
CE209,CENG4401
CE329,CENG4402
CE309,CENG4403
CE307,CENG4404
CE303,CENG4405
CE304,CENG4406
CA300,CENG4407
CE311,CENG4408
CE322,CENG4409
CE330,CENG4410
CE402,CENG4411
CE415,CENG4412
HI902,HIS1109
AI901,AI1001
MS404,JCCX0010
AM108,ECON1103
AV020,AE1102
ME143,ME1138
CH935,CHN1015
AM065,BUSS1106
SO922,ENVR1005
AI001,AI1101
SE006,CS1119
MS901,MS1001
SP171,NAOE0102
JA001,FL1108
AV025,AE1105
ME909,ME1008
SO120,SOC1127
ME128,ME1126
HI960,HIS1030
PI005,PHIL1104
FO005,FL1105
PI039,PHIL1110
CL918,CHN1030
CS085,CS1107